Company,Ticker,CIK,Fiscal_Year,Accounts_Payable,Accounts_Receivable,Acquisitions,Basic_EPS,CF_Net_Income,Capital_Expenditures,Cash_Flow_from_Financing_Activities,Cash_Flow_from_Investing_Activities,Cash_Flow_from_Operating_Activities,Cash_and_Cash_Equivalents,Common_Stock_and_APIC,Cost_of_Revenue,Debt_Issuance,Debt_Repayment,Depreciation_and_Amortization,Diluted_EPS,Dividends_Paid,Effect_of_Exchange_Rate,Ending_Cash,General_and_Administrative,Goodwill,Gross_Profit,Income_Before_Taxes,Income_Tax_Expense,Intangible_Assets_Net,Interest_Expense,Interest_Income,Inventory,Long_Term_Debt,Net_Change_in_Cash,Net_Income,Operating_Expenses,Operating_Income,Other_Current_Assets,Other_Current_Liabilities,Other_Income_Expense,Other_Noncurrent_Assets,Other_Noncurrent_Liabilities,Proceeds_from_Investments,Property_Plant_and_Equipment_Net,Purchases_of_Investments,Research_and_Development,Retained_Earnings,Revenue,Sales_and_Marketing,Share_Repurchases,Short_Term_Debt,Short_Term_Investments,Stock_Based_Compensation,Stock_Issuance,Total_Assets,Total_Current_Assets,Total_Current_Liabilities,Total_Liabilities,Total_Liabilities_and_Equity,Total_Stockholders_Equity,Weighted_Average_Shares_Basic,Weighted_Average_Shares_Diluted
AMD,AMD,0000002488,2021,1321000000.0,2706000000.0,,2.61,3162000000.0,301000000.0,1895000000.0,686000000.0,3521000000.0,2535000000.0,12000000.0,8505000000.0,,0.0,,2.57,,,2535000000.0,,289000000.0,7929000000.0,3675000000.0,513000000.0,0.0,34000000.0,,1955000000.0,1000000.0,940000000.0,3162000000.0,,3648000000.0,,98000000.0,55000000.0,1478000000.0,321000000.0,,702000000.0,,2845000000.0,-1451000000.0,16434000000.0,578000000.0,1762000000.0,312000000.0,1073000000.0,379000000.0,,12419000000.0,8583000000.0,4240000000.0,,12419000000.0,7497000000.0,1213000000.0,1229000000.0
AMD,AMD,0000002488,2022,2493000000.0,4126000000.0,,0.85,1320000000.0,450000000.0,-3264000000.0,1999000000.0,3565000000.0,4835000000.0,16000000.0,12998000000.0,,312000000.0,,0.84,,,4835000000.0,,24177000000.0,10603000000.0,1198000000.0,-122000000.0,24118000000.0,88000000.0,,3771000000.0,2467000000.0,2300000000.0,1320000000.0,,1264000000.0,,336000000.0,8000000.0,2152000000.0,1664000000.0,,1513000000.0,,5005000000.0,-131000000.0,23601000000.0,683000000.0,3702000000.0,0.0,1020000000.0,1081000000.0,,67580000000.0,15019000000.0,6369000000.0,,67580000000.0,54750000000.0,1561000000.0,1571000000.0
AMD,AMD,0000002488,2023,2055000000.0,4323000000.0,,0.53,854000000.0,546000000.0,-1146000000.0,-1423000000.0,1667000000.0,3933000000.0,17000000.0,12220000000.0,,0.0,,0.53,,,3933000000.0,,24262000000.0,10460000000.0,508000000.0,-346000000.0,21363000000.0,106000000.0,,4351000000.0,1717000000.0,-902000000.0,854000000.0,10059000000.0,401000000.0,1259000000.0,438000000.0,197000000.0,2805000000.0,1850000000.0,,1589000000.0,,5872000000.0,723000000.0,22680000000.0,695000000.0,985000000.0,751000000.0,1840000000.0,1384000000.0,,67885000000.0,16768000000.0,6689000000.0,,67885000000.0,55892000000.0,1614000000.0,1625000000.0
AMD,AMD,0000002488,2024,2466000000.0,6192000000.0,,1.01,1641000000.0,636000000.0,-2062000000.0,-1101000000.0,3041000000.0,3787000000.0,17000000.0,13060000000.0,,750000000.0,,1.0,,,3811000000.0,,24839000000.0,12725000000.0,2022000000.0,381000000.0,18930000000.0,92000000.0,,5734000000.0,1721000000.0,-122000000.0,1641000000.0,10825000000.0,1900000000.0,1250000000.0,555000000.0,181000000.0,3918000000.0,1816000000.0,,1802000000.0,,6456000000.0,2364000000.0,25785000000.0,1200000000.0,862000000.0,0.0,1345000000.0,1407000000.0,,69226000000.0,19049000000.0,7281000000.0,,69226000000.0,57568000000.0,1620000000.0,1637000000.0
AMD,AMD,0000002488,2025,2929000000.0,6315000000.0,,2.67,4335000000.0,974000000.0,-431000000.0,-5533000000.0,7709000000.0,5539000000.0,17000000.0,17487000000.0,,950000000.0,,2.65,,,5556000000.0,,25126000000.0,17152000000.0,4166000000.0,-103000000.0,16705000000.0,131000000.0,,7920000000.0,2348000000.0,1745000000.0,4335000000.0,13458000000.0,3694000000.0,,402000000.0,577000000.0,5452000000.0,1186000000.0,,2312000000.0,,8091000000.0,6699000000.0,34639000000.0,2400000000.0,1316000000.0,874000000.0,5013000000.0,1638000000.0,,76926000000.0,26947000000.0,9455000000.0,,76926000000.0,62999000000.0,1624000000.0,1636000000.0
Adobe,ADBE,0000796343,2021,312000000.0,1878000000.0,2682000000.0,10.1,4822000000.0,348000000.0,-4301000000.0,-3537000000.0,7230000000.0,3844000000.0,8428000000.0,1865000000.0,0.0,0.0,788000000.0,10.02,,-26000000.0,3844000000.0,1085000000.0,12668000000.0,13920000000.0,5705000000.0,883000000.0,1820000000.0,113000000.0,17000000.0,,4123000000.0,-634000000.0,4822000000.0,8118000000.0,5802000000.0,,,-97000000.0,883000000.0,257000000.0,,1673000000.0,,,23905000000.0,15785000000.0,4321000000.0,3950000000.0,0.0,1954000000.0,1069000000.0,,27241000000.0,8669000000.0,6932000000.0,12444000000.0,27241000000.0,14797000000.0,477300000.0,481000000.0
Adobe,ADBE,0000796343,2022,379000000.0,2065000000.0,126000000.0,10.13,4756000000.0,442000000.0,-6825000000.0,-570000000.0,7838000000.0,4236000000.0,9868000000.0,2165000000.0,0.0,0.0,856000000.0,10.1,,-51000000.0,4236000000.0,1219000000.0,12787000000.0,15441000000.0,6008000000.0,1252000000.0,1449000000.0,112000000.0,61000000.0,,3629000000.0,392000000.0,4756000000.0,9343000000.0,6098000000.0,,,-90000000.0,841000000.0,293000000.0,,1908000000.0,,,28319000000.0,17606000000.0,4968000000.0,6550000000.0,500000000.0,1860000000.0,1440000000.0,,27165000000.0,8996000000.0,8128000000.0,13114000000.0,27165000000.0,14051000000.0,469500000.0,470900000.0
Adobe,ADBE,0000796343,2023,314000000.0,2224000000.0,0.0,11.87,5428000000.0,360000000.0,-5182000000.0,776000000.0,7302000000.0,7141000000.0,11586000000.0,2354000000.0,0.0,500000000.0,872000000.0,11.82,,9000000.0,7141000000.0,1413000000.0,12805000000.0,17055000000.0,6799000000.0,1371000000.0,1088000000.0,113000000.0,269000000.0,,3634000000.0,2905000000.0,5428000000.0,10405000000.0,6650000000.0,,,246000000.0,1223000000.0,376000000.0,,2030000000.0,,,33346000000.0,19409000000.0,5351000000.0,4400000000.0,0.0,701000000.0,1718000000.0,,29779000000.0,11084000000.0,8251000000.0,13261000000.0,29779000000.0,16518000000.0,457100000.0,459100000.0
Adobe,ADBE,0000796343,2024,361000000.0,2072000000.0,0.0,12.43,5560000000.0,183000000.0,-7724000000.0,149000000.0,8056000000.0,7613000000.0,13419000000.0,2358000000.0,1997000000.0,0.0,857000000.0,12.36,,-9000000.0,7613000000.0,1529000000.0,12788000000.0,19147000000.0,6931000000.0,1371000000.0,782000000.0,169000000.0,341000000.0,,4129000000.0,472000000.0,5560000000.0,12406000000.0,6741000000.0,,,311000000.0,1554000000.0,446000000.0,,1936000000.0,,,38470000000.0,21505000000.0,5764000000.0,9500000000.0,1499000000.0,273000000.0,1833000000.0,,30230000000.0,11232000000.0,10521000000.0,16125000000.0,30230000000.0,14105000000.0,447100000.0,449700000.0
Adobe,ADBE,0000796343,2025,417000000.0,2344000000.0,17000000.0,16.73,7130000000.0,179000000.0,-11060000000.0,-1187000000.0,10031000000.0,5431000000.0,15361000000.0,2551000000.0,1997000000.0,1500000000.0,818000000.0,16.7,,34000000.0,5431000000.0,1573000000.0,12857000000.0,21218000000.0,8734000000.0,1604000000.0,495000000.0,263000000.0,264000000.0,,6210000000.0,-2182000000.0,7130000000.0,12512000000.0,8706000000.0,,,248000000.0,1610000000.0,508000000.0,,1873000000.0,,,45354000000.0,23769000000.0,6488000000.0,11281000000.0,0.0,1164000000.0,1942000000.0,,29496000000.0,10163000000.0,10200000000.0,17873000000.0,29496000000.0,11623000000.0,426200000.0,427000000.0
Apple,AAPL,0000320193,2021,54763000000.0,26278000000.0,33000000.0,5.67,94680000000.0,11085000000.0,-93353000000.0,-14545000000.0,104038000000.0,34940000000.0,57365000000.0,212981000000.0,20393000000.0,8750000000.0,11284000000.0,5.61,14467000000.0,,35929000000.0,,,152836000000.0,109207000000.0,14527000000.0,,2645000000.0,,6580000000.0,109106000000.0,-3860000000.0,94680000000.0,43887000000.0,108949000000.0,14111000000.0,47493000000.0,60000000.0,48849000000.0,53325000000.0,59023000000.0,39440000000.0,109558000000.0,21914000000.0,5562000000.0,365817000000.0,,85971000000.0,9613000000.0,27699000000.0,7906000000.0,1105000000.0,351002000000.0,134836000000.0,125481000000.0,287912000000.0,351002000000.0,63090000000.0,16701272000.0,16864919000.0
Apple,AAPL,0000320193,2022,64115000000.0,28184000000.0,306000000.0,6.15,99803000000.0,10708000000.0,-110749000000.0,-22354000000.0,122151000000.0,23646000000.0,64849000000.0,223546000000.0,5465000000.0,9543000000.0,11104000000.0,6.11,14841000000.0,,24977000000.0,,,170782000000.0,119103000000.0,19300000000.0,,2931000000.0,,4946000000.0,98959000000.0,-10952000000.0,99803000000.0,51345000000.0,119437000000.0,21223000000.0,60845000000.0,-228000000.0,54428000000.0,49142000000.0,29917000000.0,42117000000.0,76923000000.0,26251000000.0,-3068000000.0,394328000000.0,,89402000000.0,11128000000.0,24658000000.0,9038000000.0,,352755000000.0,135405000000.0,153982000000.0,302083000000.0,352755000000.0,50672000000.0,16215963000.0,16325819000.0
Apple,AAPL,0000320193,2023,62611000000.0,29508000000.0,,6.16,96995000000.0,10959000000.0,-108488000000.0,3705000000.0,110543000000.0,29965000000.0,73812000000.0,214137000000.0,5228000000.0,11151000000.0,11519000000.0,6.13,15025000000.0,,30737000000.0,6672000000.0,,169148000000.0,113736000000.0,16741000000.0,,3933000000.0,,6331000000.0,95281000000.0,5760000000.0,96995000000.0,54847000000.0,114301000000.0,14695000000.0,58829000000.0,-382000000.0,64758000000.0,49848000000.0,39686000000.0,43715000000.0,29513000000.0,29915000000.0,-214000000.0,383285000000.0,18260000000.0,77550000000.0,9822000000.0,31590000000.0,10833000000.0,,352583000000.0,143566000000.0,145308000000.0,290437000000.0,352583000000.0,62146000000.0,15744231000.0,15812547000.0
Apple,AAPL,0000320193,2024,68960000000.0,33410000000.0,,6.11,93736000000.0,9447000000.0,-121983000000.0,2935000000.0,118254000000.0,29943000000.0,83276000000.0,210352000000.0,0.0,9958000000.0,11445000000.0,6.08,15234000000.0,,29943000000.0,7458000000.0,,180683000000.0,123485000000.0,29749000000.0,,,,7286000000.0,85750000000.0,-794000000.0,93736000000.0,57467000000.0,123216000000.0,14287000000.0,78304000000.0,269000000.0,74834000000.0,45888000000.0,51211000000.0,45680000000.0,48656000000.0,31370000000.0,-19154000000.0,391035000000.0,18639000000.0,94949000000.0,10912000000.0,35228000000.0,11688000000.0,,364980000000.0,152987000000.0,176392000000.0,308030000000.0,364980000000.0,56950000000.0,15343783000.0,15408095000.0
Apple,AAPL,0000320193,2025,69860000000.0,39777000000.0,,7.49,112010000000.0,12715000000.0,-120686000000.0,15195000000.0,111482000000.0,35934000000.0,93568000000.0,220960000000.0,4481000000.0,10932000000.0,11698000000.0,7.46,15421000000.0,,35934000000.0,8077000000.0,,195201000000.0,132729000000.0,20719000000.0,,,,5718000000.0,78328000000.0,5991000000.0,112010000000.0,62151000000.0,133050000000.0,14585000000.0,66387000000.0,-321000000.0,83727000000.0,41549000000.0,40907000000.0,49834000000.0,24407000000.0,34550000000.0,-14264000000.0,416161000000.0,19524000000.0,90711000000.0,12350000000.0,18763000000.0,12863000000.0,,359241000000.0,147957000000.0,165631000000.0,285508000000.0,359241000000.0,73733000000.0,14948500000.0,15004697000.0
CrowdStrike,CRWD,0001535527,2021,12065000.0,239199000.0,85517000.0,-0.43,-92629000.0,52799000.0,800135000.0,495427000.0,356566000.0,1918608000.0,1598259000.0,229545000.0,739569000.0,0.0,,-0.43,,1682000.0,1918608000.0,121436000.0,83566000.0,644893000.0,-87869000.0,4760000.0,15677000.0,1559000.0,4968000.0,,738029000.0,1653810000.0,-92629000.0,737422000.0,-92529000.0,4566000.0,17499000.0,1251000.0,17112000.0,17184000.0,91605000.0,167014000.0,84904000.0,214670000.0,-730116000.0,874438000.0,401316000.0,0.0,,,149675000.0,28831000.0,2732533000.0,2292274000.0,863553000.0,1860659000.0,2732533000.0,870574000.0,217756000.0,217756000.0
CrowdStrike,CRWD,0001535527,2022,47634000.0,368145000.0,414518000.0,-1.03,-234802000.0,112143000.0,72531000.0,-564516000.0,574784000.0,1996633000.0,1991807000.0,383221000.0,0.0,,,-1.03,,-4774000.0,1996633000.0,223092000.0,416445000.0,1068373000.0,-160023000.0,72355000.0,97336000.0,25231000.0,3788000.0,,739517000.0,78025000.0,-234802000.0,1210921000.0,-142548000.0,12783000.0,24929000.0,3968000.0,25346000.0,16193000.0,0.0,260577000.0,0.0,371283000.0,-964918000.0,1451594000.0,616546000.0,,,0.0,309952000.0,15899000.0,3618381000.0,2570952000.0,1406830000.0,2580738000.0,3618381000.0,1025764000.0,227142000.0,227142000.0
CrowdStrike,CRWD,0001535527,2023,45372000.0,626181000.0,18349000.0,-0.79,-183245000.0,235019000.0,77437000.0,-556658000.0,941007000.0,2455369000.0,2612705000.0,601231000.0,0.0,,,-0.79,,-1495000.0,2456924000.0,317344000.0,430645000.0,1640005000.0,-159883000.0,22402000.0,86889000.0,25319000.0,52495000.0,,741005000.0,460291000.0,-183245000.0,1830117000.0,-190112000.0,,16519000.0,3053000.0,28965000.0,31833000.0,0.0,492335000.0,,608364000.0,-1148163000.0,2241236000.0,904409000.0,,,250000000.0,526504000.0,8655000.0,5026540000.0,3640267000.0,2109072000.0,3539106000.0,5026540000.0,1463641000.0,233139000.0,233139000.0
CrowdStrike,CRWD,0001535527,2024,28180000.0,853105000.0,239030000.0,0.3,72181000.0,176529000.0,93158000.0,-340650000.0,1166207000.0,3375069000.0,3364328000.0,758929000.0,,,,0.3,,1958000.0,3377597000.0,395173000.0,638041000.0,2296626000.0,105671000.0,32232000.0,114518000.0,25756000.0,148930000.0,,742494000.0,920673000.0,72181000.0,2315767000.0,-19141000.0,38300000.0,23672000.0,1638000.0,76094000.0,50086000.0,,620172000.0,,780319000.0,-1058836000.0,3055555000.0,1140275000.0,,,99591000.0,648665000.0,8695000.0,6646520000.0,4757307000.0,2697279000.0,4309431000.0,6646520000.0,2303950000.0,238637000.0,243635000.0
CrowdStrike,CRWD,0001535527,2025,130887000.0,1128564000.0,310257000.0,-0.06,-15241000.0,254852000.0,107208000.0,-536588000.0,1381727000.0,4323295000.0,4409503000.0,990172000.0,,,,-0.06,,-5278000.0,4324666000.0,481264000.0,912805000.0,2963452000.0,58564000.0,71130000.0,133114000.0,26311000.0,196174000.0,,743983000.0,947069000.0,-15241000.0,3079852000.0,-116400000.0,67100000.0,72755000.0,5101000.0,137459000.0,150849000.0,,788640000.0,,1075587000.0,-1120540000.0,3953624000.0,1523001000.0,,,0.0,861391000.0,3983000.0,8701578000.0,6113345000.0,3461050000.0,5382661000.0,8701578000.0,3279494000.0,244750000.0,244750000.0
CrowdStrike,CRWD,0001535527,2026,105319000.0,1361844000.0,382268000.0,-0.65,-162502000.0,302108000.0,132452000.0,-764479000.0,1612349000.0,5230125000.0,5694549000.0,1218929000.0,,,,-0.65,,9629000.0,5314617000.0,670344000.0,1363294000.0,3593076000.0,-126989000.0,34176000.0,136702000.0,28021000.0,194969000.0,,745471000.0,989951000.0,-162502000.0,3886368000.0,-293292000.0,128800000.0,68811000.0,-645000.0,388888000.0,295655000.0,,976331000.0,,1384770000.0,-1283042000.0,4812005000.0,1831254000.0,,,,1096679000.0,3163000.0,11086684000.0,7419119000.0,4184192000.0,6614079000.0,11086684000.0,4428390000.0,250576000.0,250576000.0
Microsoft,MSFT,0000789019,2021,15163000000.0,38043000000.0,,8.12,61271000000.0,20622000000.0,-48486000000.0,-27577000000.0,76740000000.0,14224000000.0,83111000000.0,52232000000.0,,,,8.05,16521000000.0,-29000000.0,14224000000.0,5107000000.0,49711000000.0,115856000000.0,71102000000.0,9831000000.0,7800000000.0,2346000000.0,,2636000000.0,50074000000.0,648000000.0,61271000000.0,,69916000000.0,13393000000.0,11666000000.0,98000000.0,15075000000.0,13427000000.0,51792000000.0,59715000000.0,62924000000.0,20716000000.0,57055000000.0,168088000000.0,20117000000.0,27385000000.0,8072000000.0,116110000000.0,6118000000.0,1693000000.0,333779000000.0,184406000000.0,88657000000.0,191791000000.0,333779000000.0,141988000000.0,7547000000.0,7608000000.0
Microsoft,MSFT,0000789019,2022,19000000000.0,44261000000.0,,9.7,72738000000.0,23886000000.0,-58876000000.0,-30311000000.0,89035000000.0,13931000000.0,86939000000.0,62650000000.0,,,,9.65,18135000000.0,,13931000000.0,5900000000.0,67524000000.0,135620000000.0,83716000000.0,10978000000.0,11298000000.0,2063000000.0,,3742000000.0,47032000000.0,-293000000.0,72738000000.0,,83383000000.0,16924000000.0,13067000000.0,-32000000.0,21897000000.0,15526000000.0,16451000000.0,74398000000.0,26456000000.0,24512000000.0,84281000000.0,198270000000.0,21825000000.0,32696000000.0,2749000000.0,90826000000.0,7502000000.0,1841000000.0,364840000000.0,169684000000.0,95082000000.0,198298000000.0,364840000000.0,166542000000.0,7496000000.0,7540000000.0
Microsoft,MSFT,0000789019,2023,18095000000.0,48688000000.0,,9.72,72361000000.0,28107000000.0,-43935000000.0,-22680000000.0,87582000000.0,34704000000.0,93718000000.0,65863000000.0,,,,9.68,19800000000.0,,34704000000.0,7575000000.0,67886000000.0,146052000000.0,89311000000.0,16950000000.0,9366000000.0,1968000000.0,,2500000000.0,41990000000.0,20773000000.0,72361000000.0,57529000000.0,88523000000.0,21807000000.0,14745000000.0,-223000000.0,30601000000.0,17981000000.0,33510000000.0,95641000000.0,37651000000.0,27195000000.0,118848000000.0,211915000000.0,22759000000.0,22245000000.0,5247000000.0,76558000000.0,9611000000.0,1866000000.0,411976000000.0,184257000000.0,104149000000.0,205753000000.0,411976000000.0,206223000000.0,7446000000.0,7472000000.0
Microsoft,MSFT,0000789019,2024,21996000000.0,56924000000.0,,11.86,88136000000.0,44477000000.0,-37757000000.0,-96970000000.0,118548000000.0,18315000000.0,100923000000.0,74114000000.0,,,,11.8,21771000000.0,,18315000000.0,7609000000.0,119220000000.0,171008000000.0,107787000000.0,19651000000.0,27597000000.0,2935000000.0,,1246000000.0,42688000000.0,-16389000000.0,88136000000.0,61575000000.0,109433000000.0,26021000000.0,19185000000.0,-1319000000.0,36460000000.0,27064000000.0,24775000000.0,135591000000.0,17732000000.0,29510000000.0,173144000000.0,245122000000.0,24456000000.0,17254000000.0,2249000000.0,57228000000.0,10734000000.0,2002000000.0,512163000000.0,159734000000.0,125286000000.0,243686000000.0,512163000000.0,268477000000.0,7431000000.0,7469000000.0
Microsoft,MSFT,0000789019,2025,27724000000.0,69905000000.0,,13.7,101832000000.0,64551000000.0,-51699000000.0,-72599000000.0,136162000000.0,30242000000.0,109095000000.0,87831000000.0,,,,13.64,24082000000.0,,30242000000.0,7223000000.0,119509000000.0,193893000000.0,123627000000.0,21795000000.0,22604000000.0,2385000000.0,,938000000.0,40152000000.0,11927000000.0,101832000000.0,65365000000.0,128528000000.0,25723000000.0,25020000000.0,-4725000000.0,40565000000.0,45186000000.0,16079000000.0,204966000000.0,29775000000.0,32488000000.0,237731000000.0,281724000000.0,25654000000.0,18420000000.0,2999000000.0,64323000000.0,11974000000.0,2056000000.0,619003000000.0,191131000000.0,141218000000.0,275524000000.0,619003000000.0,343479000000.0,7433000000.0,7465000000.0
Microsoft,MSFT,0000789019,2026,42416000000.0,80876000000.0,,18.0,133749000000.0,115948000000.0,-52546000000.0,-139500000000.0,182935000000.0,20935000000.0,117406000000.0,106374000000.0,,,,17.95,26445000000.0,,20935000000.0,7956000000.0,119651000000.0,225465000000.0,165934000000.0,32185000000.0,18609000000.0,3051000000.0,,1397000000.0,31067000000.0,-9307000000.0,133749000000.0,70228000000.0,155237000000.0,48594000000.0,26738000000.0,4722000000.0,38805000000.0,65117000000.0,34605000000.0,313076000000.0,58351000000.0,35562000000.0,328265000000.0,331839000000.0,26710000000.0,22271000000.0,9227000000.0,55908000000.0,12405000000.0,2009000000.0,758376000000.0,207710000000.0,168825000000.0,315989000000.0,758376000000.0,442387000000.0,7429000000.0,7453000000.0
NVIDIA,NVDA,0001045810,2021,1149000000.0,2429000000.0,8524000000.0,1.76,4332000000.0,,3804000000.0,-19675000000.0,5822000000.0,847000000.0,8719000000.0,6279000000.0,4968000000.0,0.0,1098000000.0,1.73,395000000.0,,847000000.0,,4193000000.0,10396000000.0,4409000000.0,77000000.0,2737000000.0,184000000.0,57000000.0,1826000000.0,5964000000.0,-10049000000.0,4332000000.0,5864000000.0,4532000000.0,,,4000000.0,2144000000.0,1375000000.0,8792000000.0,2149000000.0,19308000000.0,3924000000.0,18908000000.0,16675000000.0,,0.0,999000000.0,10714000000.0,1397000000.0,,28791000000.0,16055000000.0,3925000000.0,11898000000.0,28791000000.0,16893000000.0,2467000000.0,2510000000.0
NVIDIA,NVDA,0001045810,2022,1783000000.0,4650000000.0,263000000.0,3.91,9752000000.0,976000000.0,1865000000.0,-9830000000.0,9108000000.0,1990000000.0,10385000000.0,9439000000.0,4977000000.0,1000000000.0,1174000000.0,3.85,399000000.0,,1990000000.0,,4349000000.0,17475000000.0,9941000000.0,189000000.0,2339000000.0,236000000.0,29000000.0,2605000000.0,10946000000.0,1143000000.0,9752000000.0,7434000000.0,10041000000.0,,,107000000.0,3841000000.0,1553000000.0,15197000000.0,2778000000.0,24787000000.0,5268000000.0,16235000000.0,26914000000.0,,0.0,0.0,19218000000.0,2004000000.0,,44187000000.0,28829000000.0,4335000000.0,17575000000.0,44187000000.0,26612000000.0,2496000000.0,2535000000.0
NVIDIA,NVDA,0001045810,2023,1193000000.0,3827000000.0,49000000.0,0.18,4368000000.0,1833000000.0,-11617000000.0,7375000000.0,5641000000.0,3389000000.0,11971000000.0,11618000000.0,0.0,0.0,1544000000.0,0.17,398000000.0,,3389000000.0,,4372000000.0,15356000000.0,4181000000.0,-187000000.0,1676000000.0,262000000.0,267000000.0,5159000000.0,9703000000.0,1399000000.0,4368000000.0,11132000000.0,4224000000.0,,,-48000000.0,3820000000.0,1913000000.0,19425000000.0,3807000000.0,11897000000.0,7339000000.0,10171000000.0,26974000000.0,,10039000000.0,1250000000.0,9907000000.0,2709000000.0,,41182000000.0,23073000000.0,6563000000.0,19081000000.0,41182000000.0,22101000000.0,24870000000.0,25070000000.0
NVIDIA,NVDA,0001045810,2024,2699000000.0,9999000000.0,83000000.0,1.21,29760000000.0,1069000000.0,-13633000000.0,-10566000000.0,28090000000.0,7280000000.0,13109000000.0,16621000000.0,0.0,1250000000.0,1508000000.0,1.19,395000000.0,,7280000000.0,,4430000000.0,44301000000.0,33818000000.0,4058000000.0,1112000000.0,257000000.0,866000000.0,5282000000.0,8459000000.0,3891000000.0,29760000000.0,11329000000.0,32972000000.0,,,237000000.0,4500000000.0,2541000000.0,9732000000.0,3914000000.0,18211000000.0,8675000000.0,29817000000.0,60922000000.0,,9533000000.0,1250000000.0,18704000000.0,3549000000.0,,65728000000.0,44345000000.0,10631000000.0,22750000000.0,65728000000.0,42978000000.0,24690000000.0,24940000000.0
NVIDIA,NVDA,0001045810,2025,6310000000.0,23065000000.0,1007000000.0,2.97,72880000000.0,3236000000.0,-42359000000.0,-20421000000.0,64089000000.0,8589000000.0,11237000000.0,32639000000.0,,1250000000.0,1864000000.0,2.94,834000000.0,,8589000000.0,,5188000000.0,97858000000.0,84026000000.0,11146000000.0,807000000.0,247000000.0,1786000000.0,10080000000.0,8463000000.0,1309000000.0,72880000000.0,16405000000.0,81453000000.0,,,1034000000.0,3038000000.0,4245000000.0,11195000000.0,6283000000.0,26575000000.0,12914000000.0,68038000000.0,130497000000.0,,33706000000.0,0.0,34621000000.0,4737000000.0,,111601000000.0,80126000000.0,18047000000.0,32274000000.0,111601000000.0,79327000000.0,24555000000.0,24804000000.0
NVIDIA,NVDA,0001045810,2026,9812000000.0,38466000000.0,1535000000.0,4.93,120067000000.0,6042000000.0,-48474000000.0,-52228000000.0,102718000000.0,10605000000.0,10118000000.0,62475000000.0,,0.0,2843000000.0,4.9,974000000.0,,10605000000.0,,20832000000.0,153463000000.0,141450000000.0,21383000000.0,3306000000.0,259000000.0,2300000000.0,21403000000.0,7469000000.0,2016000000.0,120067000000.0,23076000000.0,130387000000.0,,,9022000000.0,8301000000.0,7306000000.0,11226000000.0,10383000000.0,40616000000.0,18497000000.0,146973000000.0,215938000000.0,,40086000000.0,999000000.0,,6386000000.0,,206803000000.0,125605000000.0,32163000000.0,49510000000.0,206803000000.0,157293000000.0,24359000000.0,24514000000.0
